seatId,sectionId,seatCode,isAccessible
SEAT000001,SEC03943,H-65,1
SEAT000002,SEC00458,E-79,0
SEAT000003,SEC05652,H-90,0
SEAT000004,SEC05134,G-119,0
SEAT000005,SEC04646,C-106,0
SEAT000006,SEC03800,D-27,1
SEAT000007,SEC09144,J-115,0
SEAT000008,SEC06790,F-9,1
SEAT000009,SEC03395,E-72,1
SEAT000010,SEC00870,J-18,0
SEAT000011,SEC01462,D-6,1
SEAT000012,SEC06918,A-52,0
SEAT000013,SEC04309,K-6,1
SEAT000014,SEC05999,K-32,0
SEAT000015,SEC01946,H-88,0
SEAT000016,SEC03186,D-37,1
SEAT000017,SEC00696,H-15,1
SEAT000018,SEC01637,J-21,1
SEAT000019,SEC06274,A-114,0
SEAT000020,SEC03086,K-22,1
SEAT000021,SEC01099,J-119,0
SEAT000022,SEC07559,J-15,1
SEAT000023,SEC00447,J-103,1
SEAT000024,SEC02528,D-118,1
SEAT000025,SEC06540,K-88,0
SEAT000026,SEC00103,C-103,0
SEAT000027,SEC07369,K-113,0
SEAT000028,SEC03929,F-55,0
SEAT000029,SEC04431,B-116,1
SEAT000030,SEC09925,D-45,0
SEAT000031,SEC07396,C-67,0
SEAT000032,SEC04080,K-73,0
SEAT000033,SEC02664,E-104,1
SEAT000034,SEC02570,D-65,0
SEAT000035,SEC02358,A-29,1
SEAT000036,SEC07781,F-80,1
SEAT000037,SEC04282,F-2,1
SEAT000038,SEC09856,A-84,1
SEAT000039,SEC05984,H-18,0
SEAT000040,SEC03958,K-44,1
SEAT000041,SEC09443,B-4,0
SEAT000042,SEC07878,D-29,1
SEAT000043,SEC08515,C-57,0
SEAT000044,SEC05243,D-98,0
SEAT000045,SEC08852,A-110,1
SEAT000046,SEC04915,K-50,0
SEAT000047,SEC08539,K-74,1
SEAT000048,SEC03858,J-47,0
SEAT000049,SEC05427,C-4,1
SEAT000050,SEC00027,B-82,0
SEAT000051,SEC05081,E-100,0
SEAT000052,SEC09021,E-63,1
SEAT000053,SEC00065,H-35,1
SEAT000054,SEC06004,B-103,0
SEAT000055,SEC00229,D-87,1
SEAT000056,SEC02787,B-93,0
SEAT000057,SEC07476,F-79,1
SEAT000058,SEC02195,F-100,0
SEAT000059,SEC09782,J-31,1
SEAT000060,SEC00427,D-23,1
SEAT000061,SEC04495,B-93,1
SEAT000062,SEC03761,H-17,1
SEAT000063,SEC00898,C-117,0
SEAT000064,SEC02824,K-44,0
SEAT000065,SEC05354,F-114,1
SEAT000066,SEC02552,G-28,0
SEAT000067,SEC00915,A-64,0
SEAT000068,SEC03467,D-90,1
SEAT000069,SEC02961,C-45,1
SEAT000070,SEC07651,G-55,0
SEAT000071,SEC08726,K-79,1
SEAT000072,SEC01935,C-63,0
SEAT000073,SEC06847,C-13,1
SEAT000074,SEC03508,E-47,0
SEAT000075,SEC09204,C-82,0
SEAT000076,SEC06519,F-51,1
SEAT000077,SEC01048,K-22,0
SEAT000078,SEC09802,A-75,0
SEAT000079,SEC04866,B-97,0
SEAT000080,SEC08167,F-118,1
SEAT000081,SEC07193,G-109,1
SEAT000082,SEC07404,J-117,1
SEAT000083,SEC05716,G-120,0
SEAT000084,SEC08324,F-70,0
SEAT000085,SEC05108,H-56,0
SEAT000086,SEC09561,F-116,0
SEAT000087,SEC08138,H-93,1
SEAT000088,SEC05269,B-72,0
SEAT000089,SEC05986,A-51,0
SEAT000090,SEC09816,K-53,0
SEAT000091,SEC05524,B-13,0
SEAT000092,SEC09600,A-41,1
SEAT000093,SEC05430,G-65,0
SEAT000094,SEC00046,E-112,1
SEAT000095,SEC06960,E-49,0
SEAT000096,SEC05851,A-109,1
SEAT000097,SEC04906,G-53,1
SEAT000098,SEC06386,D-65,1
SEAT000099,SEC08267,F-5,0
SEAT000100,SEC01675,G-19,0
SEAT000101,SEC05411,A-110,1
SEAT000102,SEC00453,K-21,1
SEAT000103,SEC05483,C-15,1
SEAT000104,SEC03674,J-2,1
SEAT000105,SEC09517,E-34,0
SEAT000106,SEC02203,H-49,1
SEAT000107,SEC05312,B-114,0
SEAT000108,SEC08381,H-34,0
SEAT000109,SEC01501,F-86,1
SEAT000110,SEC02156,K-43,0
SEAT000111,SEC06058,J-77,1
SEAT000112,SEC08949,F-29,1
SEAT000113,SEC05432,J-111,0
SEAT000114,SEC09347,K-81,1
SEAT000115,SEC07099,K-45,1
SEAT000116,SEC05705,K-92,0
SEAT000117,SEC02346,C-71,0
SEAT000118,SEC05271,B-17,1
SEAT000119,SEC09361,A-9,1
SEAT000120,SEC08136,E-97,0
SEAT000121,SEC04087,B-16,1
SEAT000122,SEC04705,K-55,1
SEAT000123,SEC03440,G-109,1
SEAT000124,SEC09250,J-79,1
SEAT000125,SEC00882,F-86,1
SEAT000126,SEC04618,F-78,0
SEAT000127,SEC01672,K-84,0
SEAT000128,SEC04411,A-4,0
SEAT000129,SEC08041,F-100,1
SEAT000130,SEC04289,E-46,0
SEAT000131,SEC02754,B-3,0
SEAT000132,SEC02670,A-87,0
SEAT000133,SEC01472,J-24,0
SEAT000134,SEC05252,E-73,1
SEAT000135,SEC07623,J-57,1
SEAT000136,SEC05316,F-5,0
SEAT000137,SEC05093,B-43,1
SEAT000138,SEC09933,A-74,1
SEAT000139,SEC07504,F-107,0
SEAT000140,SEC07633,A-108,0
SEAT000141,SEC09491,G-85,1
SEAT000142,SEC06586,B-117,0
SEAT000143,SEC09617,E-15,1
SEAT000144,SEC05981,B-22,0
SEAT000145,SEC09120,D-49,0
SEAT000146,SEC05899,K-107,0
SEAT000147,SEC08817,C-63,0
SEAT000148,SEC01010,G-75,1
SEAT000149,SEC02236,G-77,1
SEAT000150,SEC06138,G-73,0
SEAT000151,SEC09799,A-56,1
SEAT000152,SEC08581,C-64,0
SEAT000153,SEC02039,A-2,1
SEAT000154,SEC03692,F-105,1
SEAT000155,SEC02253,A-119,0
SEAT000156,SEC05988,K-91,0
SEAT000157,SEC09561,B-43,0
SEAT000158,SEC03367,E-77,0
SEAT000159,SEC03190,J-45,0
SEAT000160,SEC03284,D-62,0
SEAT000161,SEC09292,J-89,0
SEAT000162,SEC09704,B-32,0
SEAT000163,SEC08663,H-112,1
SEAT000164,SEC01852,J-67,1
SEAT000165,SEC01433,B-93,1
SEAT000166,SEC03829,H-79,0
SEAT000167,SEC02619,D-26,1
SEAT000168,SEC04358,D-22,0
SEAT000169,SEC01336,H-2,0
SEAT000170,SEC01611,C-63,0
SEAT000171,SEC09859,G-31,1
SEAT000172,SEC08355,H-98,1
SEAT000173,SEC08400,B-25,1
SEAT000174,SEC02830,A-107,1
SEAT000175,SEC02967,A-40,0
SEAT000176,SEC08505,E-85,1
SEAT000177,SEC05212,B-78,0
SEAT000178,SEC08437,J-13,0
SEAT000179,SEC04185,K-46,0
SEAT000180,SEC01826,A-103,0
SEAT000181,SEC02314,F-80,1
SEAT000182,SEC00244,C-66,0
SEAT000183,SEC02689,C-36,1
SEAT000184,SEC08169,A-91,1
SEAT000185,SEC08834,D-110,1
SEAT000186,SEC03909,H-64,0
SEAT000187,SEC03435,E-5,1
SEAT000188,SEC00972,F-95,0
SEAT000189,SEC09404,C-43,1
SEAT000190,SEC08160,D-29,1
SEAT000191,SEC05693,J-15,1
SEAT000192,SEC06693,J-21,1
SEAT000193,SEC00769,B-81,0
SEAT000194,SEC02556,K-119,0
SEAT000195,SEC06856,J-48,0
SEAT000196,SEC06620,C-11,1
SEAT000197,SEC06314,H-2,1
SEAT000198,SEC06834,C-6,1
SEAT000199,SEC01733,C-35,1
SEAT000200,SEC07489,G-56,0
SEAT000201,SEC05536,D-50,1
SEAT000202,SEC09422,C-15,1
SEAT000203,SEC05451,A-82,1
SEAT000204,SEC01719,D-35,0
SEAT000205,SEC09925,G-70,0
SEAT000206,SEC00444,K-17,1
SEAT000207,SEC08629,E-66,0
SEAT000208,SEC05833,E-86,0
SEAT000209,SEC09729,H-19,0
SEAT000210,SEC04830,H-108,1
SEAT000211,SEC00903,E-63,0
SEAT000212,SEC05024,C-87,1
SEAT000213,SEC07337,F-53,1
SEAT000214,SEC09323,E-76,1
SEAT000215,SEC04308,G-42,1
SEAT000216,SEC04645,E-34,0
SEAT000217,SEC06892,F-63,0
SEAT000218,SEC08468,B-103,0
SEAT000219,SEC05214,C-41,1
SEAT000220,SEC08383,J-69,0
SEAT000221,SEC04883,G-41,1
SEAT000222,SEC09180,K-30,1
SEAT000223,SEC04097,D-11,0
SEAT000224,SEC09144,E-20,1
SEAT000225,SEC03893,K-13,1
SEAT000226,SEC07158,K-80,0
SEAT000227,SEC05575,E-68,1
SEAT000228,SEC03517,H-63,0
SEAT000229,SEC02171,H-95,1
SEAT000230,SEC05932,E-107,1
SEAT000231,SEC02675,E-15,1
SEAT000232,SEC05200,A-92,1
SEAT000233,SEC08636,D-36,1
SEAT000234,SEC03049,E-61,1
SEAT000235,SEC02957,D-111,0
SEAT000236,SEC02396,A-57,0
SEAT000237,SEC01128,K-62,0
SEAT000238,SEC03548,H-7,1
SEAT000239,SEC07039,D-21,1
SEAT000240,SEC09761,K-72,0
SEAT000241,SEC07472,D-29,0
SEAT000242,SEC02610,B-1,0
SEAT000243,SEC08675,D-82,0
SEAT000244,SEC05992,F-88,1
SEAT000245,SEC06801,D-21,1
SEAT000246,SEC08642,K-36,0
SEAT000247,SEC01640,A-72,0
SEAT000248,SEC08314,K-91,1
SEAT000249,SEC08647,B-117,1
SEAT000250,SEC09858,K-35,1
SEAT000251,SEC09198,B-64,1
SEAT000252,SEC04675,C-100,1
SEAT000253,SEC06746,E-25,1
SEAT000254,SEC09638,F-44,1
SEAT000255,SEC05058,D-25,0
SEAT000256,SEC09238,H-92,1
SEAT000257,SEC09762,H-17,1
SEAT000258,SEC04431,A-107,1
SEAT000259,SEC03036,E-19,0
SEAT000260,SEC03211,A-111,1
SEAT000261,SEC01328,H-29,1
SEAT000262,SEC06164,D-29,1
SEAT000263,SEC04807,D-1,0
SEAT000264,SEC02797,E-33,0
SEAT000265,SEC08237,D-108,1
SEAT000266,SEC07962,B-115,1
SEAT000267,SEC01370,C-47,0
SEAT000268,SEC08843,K-56,1
SEAT000269,SEC00817,C-39,1
SEAT000270,SEC09321,J-108,1
SEAT000271,SEC07713,C-36,0
SEAT000272,SEC05898,C-5,0
SEAT000273,SEC06290,K-75,1
SEAT000274,SEC05828,C-105,1
SEAT000275,SEC01397,B-120,0
SEAT000276,SEC08078,J-74,0
SEAT000277,SEC01749,G-52,0
SEAT000278,SEC00924,B-113,1
SEAT000279,SEC00863,F-36,0
SEAT000280,SEC00342,C-60,0
SEAT000281,SEC06388,A-15,1
SEAT000282,SEC03642,B-50,1
SEAT000283,SEC05563,H-48,1
SEAT000284,SEC00402,A-3,1
SEAT000285,SEC06324,G-97,0
SEAT000286,SEC07725,E-31,0
SEAT000287,SEC03880,J-35,0
SEAT000288,SEC01493,J-35,0
SEAT000289,SEC08240,B-111,0
SEAT000290,SEC03718,A-119,1
SEAT000291,SEC01756,C-76,1
SEAT000292,SEC08782,C-25,0
SEAT000293,SEC03174,H-18,0
SEAT000294,SEC01855,B-18,1
SEAT000295,SEC03369,B-7,1
SEAT000296,SEC06237,C-30,0
SEAT000297,SEC00404,F-5,0
SEAT000298,SEC07445,E-72,1
SEAT000299,SEC05742,C-111,1
SEAT000300,SEC09434,C-42,0
SEAT000301,SEC06445,F-105,0
SEAT000302,SEC08099,G-29,1
SEAT000303,SEC07087,K-12,0
SEAT000304,SEC06072,F-116,1
SEAT000305,SEC03381,G-44,1
SEAT000306,SEC05817,E-21,1
SEAT000307,SEC07225,C-33,0
SEAT000308,SEC06950,H-111,0
SEAT000309,SEC02060,C-53,0
SEAT000310,SEC06388,B-64,0
SEAT000311,SEC07213,K-2,0
SEAT000312,SEC05828,F-22,1
SEAT000313,SEC04821,C-89,1
SEAT000314,SEC05899,K-101,0
SEAT000315,SEC04272,C-47,0
SEAT000316,SEC09901,H-69,1
SEAT000317,SEC06152,E-30,0
SEAT000318,SEC01362,K-108,0
SEAT000319,SEC00656,D-38,0
SEAT000320,SEC03640,B-14,0
SEAT000321,SEC00761,B-45,0
SEAT000322,SEC05624,D-114,0
SEAT000323,SEC03034,B-13,0
SEAT000324,SEC04587,C-33,1
SEAT000325,SEC01531,F-3,0
SEAT000326,SEC03501,H-79,1
SEAT000327,SEC08597,G-108,1
SEAT000328,SEC08704,J-31,0
SEAT000329,SEC08640,F-115,0
SEAT000330,SEC08236,D-55,0
SEAT000331,SEC05255,E-82,0
SEAT000332,SEC06113,K-58,0
SEAT000333,SEC04259,C-45,0
SEAT000334,SEC02655,K-83,1
SEAT000335,SEC04969,D-50,1
SEAT000336,SEC07823,F-52,0
SEAT000337,SEC09588,H-114,0
SEAT000338,SEC01012,H-67,0
SEAT000339,SEC07885,C-98,0
SEAT000340,SEC03811,A-98,1
SEAT000341,SEC05465,J-1,0
SEAT000342,SEC07194,J-87,0
SEAT000343,SEC06114,B-14,1
SEAT000344,SEC02601,E-53,0
SEAT000345,SEC01164,K-79,1
SEAT000346,SEC07605,F-22,1
SEAT000347,SEC07195,B-3,1
SEAT000348,SEC02407,K-102,0
SEAT000349,SEC06319,D-41,1
SEAT000350,SEC09167,H-45,0
SEAT000351,SEC00911,F-27,1
SEAT000352,SEC00681,K-92,1
SEAT000353,SEC06165,B-29,1
SEAT000354,SEC01067,E-40,0
SEAT000355,SEC04483,B-80,0
SEAT000356,SEC02584,K-107,0
SEAT000357,SEC01163,A-28,0
SEAT000358,SEC08079,F-68,1
SEAT000359,SEC06351,K-100,1
SEAT000360,SEC02519,J-115,0
SEAT000361,SEC00653,B-12,0
SEAT000362,SEC01272,D-114,1
SEAT000363,SEC04071,H-4,0
SEAT000364,SEC01661,J-34,0
SEAT000365,SEC07519,K-8,0
SEAT000366,SEC07801,D-61,1
SEAT000367,SEC01730,G-103,1
SEAT000368,SEC07331,F-79,1
SEAT000369,SEC08034,E-53,1
SEAT000370,SEC01382,A-3,0
SEAT000371,SEC09983,H-61,0
SEAT000372,SEC00845,A-77,0
SEAT000373,SEC00902,B-66,1
SEAT000374,SEC02168,F-81,0
SEAT000375,SEC06247,B-70,1
SEAT000376,SEC06192,B-1,0
SEAT000377,SEC03993,H-6,1
SEAT000378,SEC08186,A-107,1
SEAT000379,SEC01643,A-118,1
SEAT000380,SEC02302,C-93,1
SEAT000381,SEC02774,G-72,1
SEAT000382,SEC00686,F-13,1
SEAT000383,SEC01998,B-98,1
SEAT000384,SEC06207,K-26,0
SEAT000385,SEC09635,B-1,0
SEAT000386,SEC07590,G-79,0
SEAT000387,SEC01062,A-108,1
SEAT000388,SEC04614,K-40,1
SEAT000389,SEC01337,G-30,1
SEAT000390,SEC09153,C-96,1
SEAT000391,SEC05945,B-73,0
SEAT000392,SEC04216,C-117,0
SEAT000393,SEC08305,G-16,0
SEAT000394,SEC07309,C-14,1
SEAT000395,SEC07942,A-112,1
SEAT000396,SEC05354,E-110,0
SEAT000397,SEC09750,G-41,0
SEAT000398,SEC00591,C-91,0
SEAT000399,SEC02568,B-109,1
SEAT000400,SEC05335,E-82,1
SEAT000401,SEC05429,H-45,0
SEAT000402,SEC00033,C-38,1
SEAT000403,SEC04127,C-54,1
SEAT000404,SEC04016,F-23,1
SEAT000405,SEC01891,H-81,0
SEAT000406,SEC04711,J-57,0
SEAT000407,SEC02048,D-20,1
SEAT000408,SEC02533,A-52,1
SEAT000409,SEC03381,K-103,1
SEAT000410,SEC00236,D-14,0
SEAT000411,SEC07367,G-107,0
SEAT000412,SEC04589,E-67,1
SEAT000413,SEC02915,J-96,0
SEAT000414,SEC09088,A-64,1
SEAT000415,SEC01013,A-118,0
SEAT000416,SEC07085,D-5,0
SEAT000417,SEC06839,G-111,0
SEAT000418,SEC07160,C-73,0
SEAT000419,SEC00519,C-102,0
SEAT000420,SEC05110,K-77,1
SEAT000421,SEC00681,E-102,0
SEAT000422,SEC02016,G-39,0
SEAT000423,SEC04212,F-82,0
SEAT000424,SEC04992,G-45,0
SEAT000425,SEC07567,B-32,0
SEAT000426,SEC01823,F-26,0
SEAT000427,SEC02742,H-65,1
SEAT000428,SEC02860,J-117,0
SEAT000429,SEC03523,C-120,1
SEAT000430,SEC07675,G-55,0
SEAT000431,SEC04212,J-81,0
SEAT000432,SEC02099,H-111,0
SEAT000433,SEC09733,E-55,0
SEAT000434,SEC05616,E-83,1
SEAT000435,SEC03099,A-93,1
SEAT000436,SEC02545,B-109,0
SEAT000437,SEC03829,G-54,0
SEAT000438,SEC09232,E-46,1
SEAT000439,SEC09079,J-23,1
SEAT000440,SEC02236,D-40,0
SEAT000441,SEC04010,D-45,0
SEAT000442,SEC06836,J-104,1
SEAT000443,SEC02171,J-77,0
SEAT000444,SEC05978,H-86,0
SEAT000445,SEC04969,K-116,1
SEAT000446,SEC00087,D-108,1
SEAT000447,SEC01853,D-30,0
SEAT000448,SEC06500,B-102,1
SEAT000449,SEC05988,H-62,1
SEAT000450,SEC01627,E-113,1
SEAT000451,SEC01888,B-46,1
SEAT000452,SEC06234,C-28,1
SEAT000453,SEC05795,D-79,0
SEAT000454,SEC02629,J-10,1
SEAT000455,SEC05869,J-60,0
SEAT000456,SEC05536,A-74,1
SEAT000457,SEC06167,D-115,0
SEAT000458,SEC05969,A-48,0
SEAT000459,SEC09921,C-16,0
SEAT000460,SEC01055,A-84,1
SEAT000461,SEC01018,A-83,0
SEAT000462,SEC04832,D-2,1
SEAT000463,SEC02280,H-63,1
SEAT000464,SEC02267,A-87,0
SEAT000465,SEC05504,G-73,0
SEAT000466,SEC02393,H-83,0
SEAT000467,SEC03092,J-2,1
SEAT000468,SEC06270,D-120,1
SEAT000469,SEC06449,H-54,1
SEAT000470,SEC01646,B-40,1
SEAT000471,SEC01297,A-59,0
SEAT000472,SEC03747,K-65,0
SEAT000473,SEC01285,E-14,0
SEAT000474,SEC03047,G-93,0
SEAT000475,SEC02196,K-29,1
SEAT000476,SEC06167,E-94,0
SEAT000477,SEC01836,E-26,1
SEAT000478,SEC08295,B-53,0
SEAT000479,SEC04923,C-89,0
SEAT000480,SEC05090,A-46,0
SEAT000481,SEC07776,E-32,0
SEAT000482,SEC08005,F-18,0
SEAT000483,SEC02654,E-43,0
SEAT000484,SEC09240,J-76,1
SEAT000485,SEC03067,E-44,0
SEAT000486,SEC04835,A-94,0
SEAT000487,SEC02481,B-3,1
SEAT000488,SEC01848,E-82,0
SEAT000489,SEC01941,B-98,0
SEAT000490,SEC07300,J-42,0
SEAT000491,SEC06091,D-73,1
SEAT000492,SEC05676,H-91,0
SEAT000493,SEC06297,C-96,0
SEAT000494,SEC09742,C-109,1
SEAT000495,SEC03882,K-44,1
SEAT000496,SEC00138,A-96,1
SEAT000497,SEC05676,F-26,0
SEAT000498,SEC03004,F-52,1
SEAT000499,SEC07446,H-86,1
SEAT000500,SEC01729,C-105,0
SEAT000501,SEC02591,E-47,0
SEAT000502,SEC00524,B-29,1
SEAT000503,SEC01917,B-57,0
SEAT000504,SEC01998,H-31,1
SEAT000505,SEC05978,J-26,0
SEAT000506,SEC02328,E-107,1
SEAT000507,SEC02038,F-12,0
SEAT000508,SEC07025,K-40,0
SEAT000509,SEC03610,J-64,0
SEAT000510,SEC01146,H-120,1
SEAT000511,SEC03785,F-88,1
SEAT000512,SEC05711,J-88,1
SEAT000513,SEC00925,F-101,0
SEAT000514,SEC08824,C-43,0
SEAT000515,SEC02606,H-28,0
SEAT000516,SEC04598,D-87,1
SEAT000517,SEC02043,G-11,1
SEAT000518,SEC00004,K-79,1
SEAT000519,SEC09002,G-85,0
SEAT000520,SEC09149,E-20,0
SEAT000521,SEC07888,F-14,0
SEAT000522,SEC03642,G-85,0
SEAT000523,SEC02241,A-89,0
SEAT000524,SEC05796,A-106,0
SEAT000525,SEC06153,K-76,1
SEAT000526,SEC02105,J-41,0
SEAT000527,SEC08487,F-73,0
SEAT000528,SEC04773,B-54,0
SEAT000529,SEC09370,D-27,1
SEAT000530,SEC01373,B-41,0
SEAT000531,SEC08879,F-40,1
SEAT000532,SEC02788,G-96,1
SEAT000533,SEC01629,J-6,0
SEAT000534,SEC00161,D-97,0
SEAT000535,SEC04094,C-30,0
SEAT000536,SEC02006,J-42,1
SEAT000537,SEC02370,K-85,1
SEAT000538,SEC07005,F-52,1
SEAT000539,SEC03265,A-108,0
SEAT000540,SEC03940,K-66,0
SEAT000541,SEC01287,E-66,0
SEAT000542,SEC05265,E-40,1
SEAT000543,SEC00486,A-60,0
SEAT000544,SEC05521,H-95,0
SEAT000545,SEC07683,E-16,0
SEAT000546,SEC06884,F-112,1
SEAT000547,SEC08216,D-13,0
SEAT000548,SEC04006,D-97,1
SEAT000549,SEC06012,D-110,1
SEAT000550,SEC07104,D-6,0
SEAT000551,SEC07484,F-60,0
SEAT000552,SEC06617,A-59,1
SEAT000553,SEC03062,F-3,0
SEAT000554,SEC06256,G-55,1
SEAT000555,SEC06334,K-83,0
SEAT000556,SEC00316,J-120,0
SEAT000557,SEC02425,G-11,1
SEAT000558,SEC06896,J-79,0
SEAT000559,SEC06103,F-111,1
SEAT000560,SEC02228,G-98,0
SEAT000561,SEC08134,E-111,1
SEAT000562,SEC04255,B-24,0
SEAT000563,SEC00230,E-26,0
SEAT000564,SEC08527,E-66,1
SEAT000565,SEC05216,K-101,0
SEAT000566,SEC00821,A-1,1
SEAT000567,SEC09047,C-1,0
SEAT000568,SEC01732,G-81,1
SEAT000569,SEC08703,J-16,1
SEAT000570,SEC09531,C-62,1
SEAT000571,SEC09280,B-65,1
SEAT000572,SEC09160,B-79,0
SEAT000573,SEC09895,C-13,0
SEAT000574,SEC05448,A-13,1
SEAT000575,SEC07625,F-59,0
SEAT000576,SEC00131,B-66,1
SEAT000577,SEC08519,G-92,0
SEAT000578,SEC05234,C-17,0
SEAT000579,SEC02150,E-77,1
SEAT000580,SEC05469,C-88,1
SEAT000581,SEC02754,J-14,0
SEAT000582,SEC07152,F-102,1
SEAT000583,SEC07988,H-26,1
SEAT000584,SEC03379,B-109,0
SEAT000585,SEC04746,K-32,1
SEAT000586,SEC03921,F-18,0
SEAT000587,SEC06992,C-101,0
SEAT000588,SEC05615,K-32,0
SEAT000589,SEC06932,F-9,1
SEAT000590,SEC08498,C-42,0
SEAT000591,SEC06945,F-15,0
SEAT000592,SEC03515,K-15,0
SEAT000593,SEC02778,H-13,0
SEAT000594,SEC04127,J-89,1
SEAT000595,SEC06774,C-69,1
SEAT000596,SEC03199,E-16,1
SEAT000597,SEC05469,A-25,1
SEAT000598,SEC04641,G-2,0
SEAT000599,SEC05099,K-54,0
SEAT000600,SEC05338,H-39,0
SEAT000601,SEC07011,F-39,0
SEAT000602,SEC08829,C-15,0
SEAT000603,SEC03567,K-72,1
SEAT000604,SEC01733,C-115,0
SEAT000605,SEC05341,J-70,0
SEAT000606,SEC07719,E-106,1
SEAT000607,SEC05757,A-28,1
SEAT000608,SEC05578,B-27,0
SEAT000609,SEC06214,F-7,0
SEAT000610,SEC05296,G-80,0
SEAT000611,SEC03591,J-63,0
SEAT000612,SEC04804,H-114,0
SEAT000613,SEC01282,D-40,1
SEAT000614,SEC02709,F-96,1
SEAT000615,SEC08498,D-34,1
SEAT000616,SEC00418,G-48,0
SEAT000617,SEC02218,K-94,0
SEAT000618,SEC06908,G-47,0
SEAT000619,SEC02573,A-113,0
SEAT000620,SEC08173,A-111,1
SEAT000621,SEC09944,D-28,0
SEAT000622,SEC07219,H-59,0
SEAT000623,SEC05102,B-5,0
SEAT000624,SEC03326,K-61,1
SEAT000625,SEC01835,J-24,1
SEAT000626,SEC00201,D-86,0
SEAT000627,SEC00577,K-95,1
SEAT000628,SEC05495,J-24,0
SEAT000629,SEC01858,H-26,1
SEAT000630,SEC00869,D-11,1
SEAT000631,SEC07163,G-51,0
SEAT000632,SEC07137,F-13,0
SEAT000633,SEC07781,J-102,0
SEAT000634,SEC07652,J-71,0
SEAT000635,SEC05729,J-81,0
SEAT000636,SEC05825,H-90,0
SEAT000637,SEC01398,B-38,1
SEAT000638,SEC07506,K-108,0
SEAT000639,SEC06828,B-83,1
SEAT000640,SEC06154,K-91,1
SEAT000641,SEC03692,K-103,0
SEAT000642,SEC01580,A-69,1
SEAT000643,SEC02178,H-86,0
SEAT000644,SEC06431,J-110,0
SEAT000645,SEC08881,K-74,0
SEAT000646,SEC02394,A-3,1
SEAT000647,SEC03069,G-104,0
SEAT000648,SEC00991,D-7,0
SEAT000649,SEC02291,E-13,1
SEAT000650,SEC04466,C-6,0
SEAT000651,SEC06669,F-109,1
SEAT000652,SEC03653,D-44,1
SEAT000653,SEC09222,E-77,0
SEAT000654,SEC07806,G-7,1
SEAT000655,SEC09335,G-111,1
SEAT000656,SEC00497,J-35,1
SEAT000657,SEC09677,H-7,0
SEAT000658,SEC05200,D-67,0
SEAT000659,SEC08893,H-51,1
SEAT000660,SEC02351,K-58,0
SEAT000661,SEC08044,G-20,1
SEAT000662,SEC03214,F-39,0
SEAT000663,SEC06620,B-36,1
SEAT000664,SEC01975,F-95,1
SEAT000665,SEC08391,D-88,0
SEAT000666,SEC09151,K-112,0
SEAT000667,SEC04015,B-23,1
SEAT000668,SEC00523,J-99,0
SEAT000669,SEC09454,A-40,1
SEAT000670,SEC00484,C-36,1
SEAT000671,SEC07392,A-28,0
SEAT000672,SEC04122,C-114,1
SEAT000673,SEC08044,D-28,1
SEAT000674,SEC03352,E-105,1
SEAT000675,SEC05101,B-38,0
SEAT000676,SEC02031,J-74,0
SEAT000677,SEC06448,C-109,1
SEAT000678,SEC07870,H-78,0
SEAT000679,SEC02312,K-23,1
SEAT000680,SEC00575,B-64,1
SEAT000681,SEC08123,E-70,1
SEAT000682,SEC01326,F-115,1
SEAT000683,SEC07867,F-3,0
SEAT000684,SEC09297,G-31,1
SEAT000685,SEC03685,C-36,1
SEAT000686,SEC04497,K-50,1
SEAT000687,SEC06878,F-12,0
SEAT000688,SEC06426,C-62,1
SEAT000689,SEC04528,F-62,1
SEAT000690,SEC06949,F-119,0
SEAT000691,SEC08314,G-21,1
SEAT000692,SEC07237,J-48,0
SEAT000693,SEC07578,B-87,0
SEAT000694,SEC02015,C-9,1
SEAT000695,SEC09914,B-64,0
SEAT000696,SEC07837,A-86,0
SEAT000697,SEC00186,A-17,1
SEAT000698,SEC07186,K-111,0
SEAT000699,SEC02635,E-40,0
SEAT000700,SEC02999,H-65,0
SEAT000701,SEC03211,A-90,1
SEAT000702,SEC03595,K-70,0
SEAT000703,SEC08204,A-54,0
SEAT000704,SEC06941,F-107,0
SEAT000705,SEC09779,B-85,0
SEAT000706,SEC08894,E-77,0
SEAT000707,SEC04453,K-91,1
SEAT000708,SEC02924,A-27,1
SEAT000709,SEC02734,G-71,0
SEAT000710,SEC08212,H-4,1
SEAT000711,SEC07708,F-48,0
SEAT000712,SEC08705,F-101,0
SEAT000713,SEC05369,H-91,0
SEAT000714,SEC05314,D-1,1
SEAT000715,SEC04271,G-37,1
SEAT000716,SEC00296,J-15,1
SEAT000717,SEC02113,C-23,0
SEAT000718,SEC07545,F-3,0
SEAT000719,SEC01246,C-21,0
SEAT000720,SEC06443,E-97,1
SEAT000721,SEC06119,A-74,0
SEAT000722,SEC05165,F-95,0
SEAT000723,SEC03808,B-37,1
SEAT000724,SEC06946,G-23,1
SEAT000725,SEC04150,H-57,0
SEAT000726,SEC00040,D-72,1
SEAT000727,SEC08230,A-62,1
SEAT000728,SEC00998,A-19,0
SEAT000729,SEC05180,J-99,0
SEAT000730,SEC04471,B-81,0
SEAT000731,SEC09627,D-77,0
SEAT000732,SEC07838,K-32,1
SEAT000733,SEC03328,D-65,1
SEAT000734,SEC03210,J-58,0
SEAT000735,SEC09076,J-27,0
SEAT000736,SEC08553,K-102,1
SEAT000737,SEC05661,J-16,0
SEAT000738,SEC03448,J-112,0
SEAT000739,SEC08824,B-117,0
SEAT000740,SEC05712,C-96,1
SEAT000741,SEC04088,F-5,0
SEAT000742,SEC09883,K-31,0
SEAT000743,SEC08904,H-30,0
SEAT000744,SEC02181,B-75,1
SEAT000745,SEC06176,J-33,0
SEAT000746,SEC00500,D-119,1
SEAT000747,SEC04741,C-77,0
SEAT000748,SEC00943,J-51,0
SEAT000749,SEC02523,C-53,0
SEAT000750,SEC03033,J-12,1
SEAT000751,SEC07365,G-57,0
SEAT000752,SEC07280,J-110,0
SEAT000753,SEC07261,D-90,0
SEAT000754,SEC01233,J-9,1
SEAT000755,SEC05880,K-57,0
SEAT000756,SEC07049,J-101,1
SEAT000757,SEC03559,A-47,1
SEAT000758,SEC07962,E-6,0
SEAT000759,SEC02586,E-18,0
SEAT000760,SEC01923,A-91,1
SEAT000761,SEC03959,C-36,0
SEAT000762,SEC08161,D-50,0
SEAT000763,SEC01781,J-69,0
SEAT000764,SEC09924,B-79,0
SEAT000765,SEC06447,B-28,1
SEAT000766,SEC09508,E-3,0
SEAT000767,SEC03903,F-61,1
SEAT000768,SEC04333,H-52,1
SEAT000769,SEC09821,J-45,0
SEAT000770,SEC02416,G-85,0
SEAT000771,SEC00566,A-60,1
SEAT000772,SEC09057,E-108,1
SEAT000773,SEC08326,F-68,1
SEAT000774,SEC00443,K-80,0
SEAT000775,SEC07106,K-21,0
SEAT000776,SEC05129,A-120,0
SEAT000777,SEC01062,E-79,1
SEAT000778,SEC05087,J-97,0
SEAT000779,SEC03662,F-93,0
SEAT000780,SEC06140,E-29,0
SEAT000781,SEC05269,D-49,0
SEAT000782,SEC09263,G-13,1
SEAT000783,SEC07985,H-93,0
SEAT000784,SEC07480,C-20,1
SEAT000785,SEC02317,G-40,0
SEAT000786,SEC01386,F-120,1
SEAT000787,SEC03883,A-2,1
SEAT000788,SEC08140,A-18,0
SEAT000789,SEC05953,A-110,0
SEAT000790,SEC06873,K-61,0
SEAT000791,SEC09225,D-110,1
SEAT000792,SEC05230,B-33,0
SEAT000793,SEC03938,J-49,1
SEAT000794,SEC01918,G-67,1
SEAT000795,SEC02539,A-64,0
SEAT000796,SEC00105,A-4,0
SEAT000797,SEC01326,F-47,0
SEAT000798,SEC09313,D-111,1
SEAT000799,SEC02354,E-33,0
SEAT000800,SEC05832,G-44,1
SEAT000801,SEC03476,C-17,1
SEAT000802,SEC04976,J-79,0
SEAT000803,SEC04582,B-25,0
SEAT000804,SEC01400,H-52,1
SEAT000805,SEC03418,A-31,1
SEAT000806,SEC05191,G-75,0
SEAT000807,SEC09622,A-62,1
SEAT000808,SEC05722,G-77,0
SEAT000809,SEC01068,A-108,0
SEAT000810,SEC03419,G-116,1
SEAT000811,SEC01044,C-67,0
SEAT000812,SEC04773,A-91,1
SEAT000813,SEC01047,H-106,1
SEAT000814,SEC00408,G-74,1
SEAT000815,SEC08690,C-9,0
SEAT000816,SEC05145,C-70,0
SEAT000817,SEC08511,K-78,0
SEAT000818,SEC02212,J-74,1
SEAT000819,SEC00122,C-71,0
SEAT000820,SEC00925,F-19,1
SEAT000821,SEC08233,F-7,0
SEAT000822,SEC06281,A-72,1
SEAT000823,SEC01751,K-13,1
SEAT000824,SEC06692,A-34,0
SEAT000825,SEC08656,K-54,0
SEAT000826,SEC04317,K-120,1
SEAT000827,SEC08978,E-35,1
SEAT000828,SEC09736,D-70,0
SEAT000829,SEC05787,E-59,1
SEAT000830,SEC03060,H-83,1
SEAT000831,SEC06108,E-66,0
SEAT000832,SEC05015,J-61,1
SEAT000833,SEC05510,G-49,1
SEAT000834,SEC03688,A-110,1
SEAT000835,SEC06088,G-1,0
SEAT000836,SEC04460,G-112,1
SEAT000837,SEC05910,A-110,1
SEAT000838,SEC02270,D-118,0
SEAT000839,SEC00863,G-51,0
SEAT000840,SEC06163,G-108,1
SEAT000841,SEC05900,A-45,1
SEAT000842,SEC08378,F-83,0
SEAT000843,SEC07501,G-43,0
SEAT000844,SEC08812,K-28,0
SEAT000845,SEC09387,D-75,1
SEAT000846,SEC09861,E-63,0
SEAT000847,SEC03699,H-20,1
SEAT000848,SEC03125,F-112,1
SEAT000849,SEC01355,K-94,0
SEAT000850,SEC00300,K-16,1
SEAT000851,SEC02263,H-55,0
SEAT000852,SEC08145,B-117,0
SEAT000853,SEC03069,E-87,1
SEAT000854,SEC02759,B-13,1
SEAT000855,SEC09518,A-17,0
SEAT000856,SEC06825,C-31,0
SEAT000857,SEC07374,D-81,1
SEAT000858,SEC03592,D-1,1
SEAT000859,SEC01602,E-48,1
SEAT000860,SEC04095,H-69,1
SEAT000861,SEC03397,E-50,1
SEAT000862,SEC03213,C-66,0
SEAT000863,SEC04330,C-103,0
SEAT000864,SEC06830,F-52,0
SEAT000865,SEC06782,J-5,0
SEAT000866,SEC09074,A-5,1
SEAT000867,SEC05904,J-74,0
SEAT000868,SEC03527,J-15,0
SEAT000869,SEC07687,F-111,1
SEAT000870,SEC01517,F-35,1
SEAT000871,SEC08905,F-59,1
SEAT000872,SEC09173,A-62,0
SEAT000873,SEC04485,K-119,1
SEAT000874,SEC04622,J-67,1
SEAT000875,SEC05695,B-38,0
SEAT000876,SEC07008,G-12,0
SEAT000877,SEC04138,B-59,1
SEAT000878,SEC00583,A-112,0
SEAT000879,SEC05955,G-108,1
SEAT000880,SEC06481,G-55,0
SEAT000881,SEC04760,F-86,0
SEAT000882,SEC03850,G-29,0
SEAT000883,SEC08132,G-56,0
SEAT000884,SEC09904,K-114,0
SEAT000885,SEC09823,A-22,1
SEAT000886,SEC04515,E-119,1
SEAT000887,SEC03818,J-14,0
SEAT000888,SEC02966,C-49,0
SEAT000889,SEC04414,J-109,0
SEAT000890,SEC01765,J-83,0
SEAT000891,SEC01585,E-50,1
SEAT000892,SEC08990,J-30,0
SEAT000893,SEC03571,F-69,1
SEAT000894,SEC06129,D-26,1
SEAT000895,SEC05911,B-81,1
SEAT000896,SEC01266,D-45,0
SEAT000897,SEC01863,B-57,1
SEAT000898,SEC02685,H-65,0
SEAT000899,SEC07780,D-39,0
SEAT000900,SEC07476,K-101,1
SEAT000901,SEC07301,C-96,1
SEAT000902,SEC03714,K-114,1
SEAT000903,SEC07907,G-10,0
SEAT000904,SEC09136,C-113,1
SEAT000905,SEC05673,J-70,0
SEAT000906,SEC08564,E-85,1
SEAT000907,SEC01969,D-82,0
SEAT000908,SEC08120,E-2,0
SEAT000909,SEC05038,H-36,1
SEAT000910,SEC07400,D-79,0
SEAT000911,SEC02482,K-81,0
SEAT000912,SEC01710,H-45,0
SEAT000913,SEC05596,H-63,1
SEAT000914,SEC06306,B-65,1
SEAT000915,SEC04738,E-20,0
SEAT000916,SEC02037,B-65,1
SEAT000917,SEC09787,F-34,0
SEAT000918,SEC05132,B-75,1
SEAT000919,SEC04742,B-48,1
SEAT000920,SEC08420,G-31,0
SEAT000921,SEC08965,E-1,1
SEAT000922,SEC06979,B-86,0
SEAT000923,SEC00786,G-33,1
SEAT000924,SEC04986,E-42,1
SEAT000925,SEC04022,H-89,0
SEAT000926,SEC02937,A-13,0
SEAT000927,SEC06246,K-13,0
SEAT000928,SEC07134,B-49,0
SEAT000929,SEC01255,F-113,0
SEAT000930,SEC03734,D-61,0
SEAT000931,SEC08483,E-1,1
SEAT000932,SEC03304,E-10,0
SEAT000933,SEC08304,B-2,1
SEAT000934,SEC07979,B-74,0
SEAT000935,SEC07896,B-85,0
SEAT000936,SEC05650,B-40,0
SEAT000937,SEC01617,E-75,0
SEAT000938,SEC05356,J-100,1
SEAT000939,SEC08891,H-110,1
SEAT000940,SEC06286,J-5,0
SEAT000941,SEC02865,K-51,0
SEAT000942,SEC01277,J-7,0
SEAT000943,SEC03953,J-67,1
SEAT000944,SEC06269,J-40,1
SEAT000945,SEC07675,C-26,1
SEAT000946,SEC09741,K-5,0
SEAT000947,SEC00287,E-93,0
SEAT000948,SEC04514,E-44,1
SEAT000949,SEC03869,A-85,1
SEAT000950,SEC06188,A-34,0
SEAT000951,SEC02038,K-79,1
SEAT000952,SEC08383,B-108,0
SEAT000953,SEC03781,D-7,1
SEAT000954,SEC02906,H-82,0
SEAT000955,SEC03919,C-104,0
SEAT000956,SEC03004,C-27,0
SEAT000957,SEC03637,G-79,0
SEAT000958,SEC00971,E-107,1
SEAT000959,SEC02395,G-114,1
SEAT000960,SEC05439,K-7,0
SEAT000961,SEC07608,D-46,1
SEAT000962,SEC05364,C-22,0
SEAT000963,SEC05998,E-76,1
SEAT000964,SEC00859,F-111,1
SEAT000965,SEC09230,H-114,1
SEAT000966,SEC05001,F-13,1
SEAT000967,SEC05681,K-76,0
SEAT000968,SEC04850,C-54,1
SEAT000969,SEC06224,A-92,1
SEAT000970,SEC09996,J-80,0
SEAT000971,SEC02562,H-33,1
SEAT000972,SEC05149,B-34,1
SEAT000973,SEC01876,G-38,1
SEAT000974,SEC01129,K-79,1
SEAT000975,SEC03279,G-47,0
SEAT000976,SEC05087,A-83,1
SEAT000977,SEC05910,E-114,1
SEAT000978,SEC07013,A-6,0
SEAT000979,SEC02084,J-97,1
SEAT000980,SEC02741,D-67,0
SEAT000981,SEC03337,F-109,0
SEAT000982,SEC09982,K-25,0
SEAT000983,SEC09391,E-48,1
SEAT000984,SEC02550,F-9,0
SEAT000985,SEC04567,H-42,1
SEAT000986,SEC09773,E-80,0
SEAT000987,SEC07511,F-51,0
SEAT000988,SEC05156,B-21,0
SEAT000989,SEC07138,D-69,1
SEAT000990,SEC07015,H-53,0
SEAT000991,SEC05687,H-8,1
SEAT000992,SEC01316,A-11,1
SEAT000993,SEC02091,B-32,1
SEAT000994,SEC08452,H-46,1
SEAT000995,SEC04289,C-10,0
SEAT000996,SEC04707,J-28,0
SEAT000997,SEC04728,F-97,0
SEAT000998,SEC04728,K-65,1
SEAT000999,SEC06963,J-26,1
SEAT001000,SEC05932,C-48,0
SEAT001001,SEC03525,A-80,1
SEAT001002,SEC05597,D-120,0
SEAT001003,SEC02833,B-46,1
SEAT001004,SEC08032,D-88,0
SEAT001005,SEC06223,G-109,1
SEAT001006,SEC07087,J-93,1
SEAT001007,SEC04191,H-14,0
SEAT001008,SEC07796,F-54,1
SEAT001009,SEC00282,J-6,1
SEAT001010,SEC00638,D-105,1
SEAT001011,SEC02660,C-114,1
SEAT001012,SEC02292,D-75,0
SEAT001013,SEC05954,B-23,1
SEAT001014,SEC06841,K-66,1
SEAT001015,SEC02235,D-20,0
SEAT001016,SEC04250,B-34,1
SEAT001017,SEC02692,G-105,1
SEAT001018,SEC02181,G-96,1
SEAT001019,SEC01865,E-34,0
SEAT001020,SEC03325,H-14,0
SEAT001021,SEC00596,E-42,1
SEAT001022,SEC06436,H-70,0
SEAT001023,SEC08090,J-65,1
SEAT001024,SEC01286,B-82,0
SEAT001025,SEC09921,B-27,1
SEAT001026,SEC06926,J-39,1
SEAT001027,SEC03207,C-91,0
SEAT001028,SEC03116,F-46,0
SEAT001029,SEC06792,K-88,1
SEAT001030,SEC03402,D-92,0
SEAT001031,SEC09219,D-12,1
SEAT001032,SEC05591,H-11,0
SEAT001033,SEC04053,C-26,1
SEAT001034,SEC05801,E-44,0
SEAT001035,SEC02256,H-72,0
SEAT001036,SEC07161,C-81,0
SEAT001037,SEC00109,C-113,1
SEAT001038,SEC05403,G-37,1
SEAT001039,SEC09557,D-2,0
SEAT001040,SEC08337,K-11,0
SEAT001041,SEC00204,H-90,0
SEAT001042,SEC08118,K-51,1
SEAT001043,SEC08596,B-73,1
SEAT001044,SEC09309,E-72,0
SEAT001045,SEC04471,G-16,1
SEAT001046,SEC03842,B-77,1
SEAT001047,SEC00592,C-38,1
SEAT001048,SEC05936,F-15,0
SEAT001049,SEC05356,J-98,0
SEAT001050,SEC03568,H-27,0
SEAT001051,SEC03349,D-22,0
SEAT001052,SEC00562,C-65,0
SEAT001053,SEC06692,G-65,0
SEAT001054,SEC08734,F-105,0
SEAT001055,SEC03483,B-12,0
SEAT001056,SEC02648,B-8,0
SEAT001057,SEC05809,B-40,0
SEAT001058,SEC07564,D-101,0
SEAT001059,SEC05959,E-96,1
SEAT001060,SEC01281,A-44,0
SEAT001061,SEC07192,H-9,1
SEAT001062,SEC03358,A-85,1
SEAT001063,SEC07553,F-74,0
SEAT001064,SEC00680,J-118,0
SEAT001065,SEC08979,G-79,0
SEAT001066,SEC09960,D-43,0
SEAT001067,SEC03340,E-116,1
SEAT001068,SEC03086,B-34,0
SEAT001069,SEC05463,C-95,1
SEAT001070,SEC02766,F-91,0
SEAT001071,SEC00744,G-18,1
SEAT001072,SEC08392,B-71,1
SEAT001073,SEC04466,A-84,1
SEAT001074,SEC05194,B-103,0
SEAT001075,SEC01702,E-1,0
SEAT001076,SEC00977,J-45,1
SEAT001077,SEC01298,D-87,0
SEAT001078,SEC07852,E-92,1
SEAT001079,SEC09854,G-117,1
SEAT001080,SEC06794,E-10,1
SEAT001081,SEC02815,G-39,0
SEAT001082,SEC02223,F-89,0
SEAT001083,SEC03592,K-95,1
SEAT001084,SEC04676,F-28,0
SEAT001085,SEC00215,E-17,0
SEAT001086,SEC00429,J-11,0
SEAT001087,SEC04640,E-18,0
SEAT001088,SEC03888,K-90,0
SEAT001089,SEC08650,F-97,1
SEAT001090,SEC07409,G-65,1
SEAT001091,SEC00314,K-13,1
SEAT001092,SEC02711,C-40,0
SEAT001093,SEC06387,B-120,0
SEAT001094,SEC02615,J-6,0
SEAT001095,SEC00027,C-2,0
SEAT001096,SEC09617,A-78,0
SEAT001097,SEC04045,F-111,1
SEAT001098,SEC05213,K-10,1
SEAT001099,SEC07688,F-84,1
SEAT001100,SEC03863,B-57,1
SEAT001101,SEC02217,F-115,1
SEAT001102,SEC03920,H-77,0
SEAT001103,SEC00028,J-50,1
SEAT001104,SEC05053,D-60,0
SEAT001105,SEC05663,J-59,1
SEAT001106,SEC06026,D-60,1
SEAT001107,SEC08067,C-5,1
SEAT001108,SEC05298,D-31,1
SEAT001109,SEC00407,A-26,1
SEAT001110,SEC05516,G-74,0
SEAT001111,SEC04451,H-98,0
SEAT001112,SEC01101,D-119,1
SEAT001113,SEC01147,B-46,1
SEAT001114,SEC09746,G-65,1
SEAT001115,SEC09998,E-70,0
SEAT001116,SEC02587,C-53,0
SEAT001117,SEC03236,B-48,0
SEAT001118,SEC03478,A-76,1
SEAT001119,SEC03381,E-89,1
SEAT001120,SEC04043,B-46,0
SEAT001121,SEC05614,D-110,0
SEAT001122,SEC07080,H-12,1
SEAT001123,SEC06569,E-54,1
SEAT001124,SEC05386,B-96,0
SEAT001125,SEC05322,C-24,1
SEAT001126,SEC03483,C-113,0
SEAT001127,SEC03545,E-66,0
SEAT001128,SEC03064,K-58,1
SEAT001129,SEC04189,K-109,0
SEAT001130,SEC05822,H-59,0
SEAT001131,SEC09008,D-83,1
SEAT001132,SEC05678,C-16,0
SEAT001133,SEC00003,G-38,1
SEAT001134,SEC07098,E-12,1
SEAT001135,SEC03216,B-42,0
SEAT001136,SEC00671,C-40,0
SEAT001137,SEC07541,J-27,1
SEAT001138,SEC07415,F-2,1
SEAT001139,SEC06552,D-19,0
SEAT001140,SEC00343,D-84,0
SEAT001141,SEC09358,B-33,1
SEAT001142,SEC00271,F-17,0
SEAT001143,SEC09916,G-26,0
SEAT001144,SEC04876,C-60,1
SEAT001145,SEC01215,C-117,0
SEAT001146,SEC04285,F-37,1
SEAT001147,SEC06350,H-54,0
SEAT001148,SEC07103,H-85,0
SEAT001149,SEC06388,H-81,1
SEAT001150,SEC06331,K-66,0
SEAT001151,SEC03187,A-115,1
SEAT001152,SEC03809,D-29,1
SEAT001153,SEC07999,K-100,1
SEAT001154,SEC01551,H-1,1
SEAT001155,SEC06833,H-16,0
SEAT001156,SEC01156,E-110,0
SEAT001157,SEC01541,J-46,1
SEAT001158,SEC05050,H-46,0
SEAT001159,SEC02019,G-95,1
SEAT001160,SEC03422,J-37,0
SEAT001161,SEC02462,G-4,0
SEAT001162,SEC08445,C-108,1
SEAT001163,SEC08221,H-73,0
SEAT001164,SEC06619,B-40,1
SEAT001165,SEC00177,K-117,0
SEAT001166,SEC06268,B-87,0
SEAT001167,SEC02781,K-113,1
SEAT001168,SEC02590,F-58,1
SEAT001169,SEC08965,J-43,1
SEAT001170,SEC06940,K-2,1
SEAT001171,SEC00899,D-37,0
SEAT001172,SEC01167,B-24,1
SEAT001173,SEC02250,H-28,1
SEAT001174,SEC02277,D-112,0
SEAT001175,SEC09393,F-90,1
SEAT001176,SEC02283,K-81,1
SEAT001177,SEC00577,H-20,1
SEAT001178,SEC03228,A-102,1
SEAT001179,SEC03974,F-95,1
SEAT001180,SEC03647,D-74,0
SEAT001181,SEC01108,B-90,1
SEAT001182,SEC03951,K-75,0
SEAT001183,SEC07694,D-70,0
SEAT001184,SEC09857,C-57,0
SEAT001185,SEC06391,H-69,1
SEAT001186,SEC04029,G-1,0
SEAT001187,SEC02988,C-76,0
SEAT001188,SEC06687,F-14,0
SEAT001189,SEC04190,E-102,0
SEAT001190,SEC05552,H-35,1
SEAT001191,SEC00388,G-20,1
SEAT001192,SEC06261,J-9,0
SEAT001193,SEC09128,E-104,1
SEAT001194,SEC09628,J-90,0
SEAT001195,SEC02314,A-23,1
SEAT001196,SEC01032,D-2,1
SEAT001197,SEC08483,E-31,1
SEAT001198,SEC09585,B-38,1
SEAT001199,SEC09490,J-15,1
SEAT001200,SEC07177,K-53,1
SEAT001201,SEC03196,A-81,0
SEAT001202,SEC00022,H-97,0
SEAT001203,SEC09363,F-7,0
SEAT001204,SEC04635,D-109,1
SEAT001205,SEC07226,B-106,1
SEAT001206,SEC09346,J-114,1
SEAT001207,SEC02328,J-36,0
SEAT001208,SEC01827,G-12,0
SEAT001209,SEC09698,D-88,0
SEAT001210,SEC02931,E-107,1
SEAT001211,SEC08514,J-99,0
SEAT001212,SEC01879,G-30,1
SEAT001213,SEC03941,J-14,1
SEAT001214,SEC08029,A-116,0
SEAT001215,SEC07910,E-10,1
SEAT001216,SEC03980,H-53,1
SEAT001217,SEC02871,G-110,0
SEAT001218,SEC09847,E-16,0
SEAT001219,SEC02108,F-120,1
SEAT001220,SEC08625,F-11,0
SEAT001221,SEC03839,F-64,1
SEAT001222,SEC01944,G-37,0
SEAT001223,SEC07107,G-106,0
SEAT001224,SEC07846,B-106,1
SEAT001225,SEC02796,K-8,1
SEAT001226,SEC00965,C-107,1
SEAT001227,SEC05545,J-99,0
SEAT001228,SEC01979,B-71,0
SEAT001229,SEC08613,B-118,1
SEAT001230,SEC00872,B-37,0
SEAT001231,SEC00748,C-25,0
SEAT001232,SEC04096,F-82,0
SEAT001233,SEC08346,C-66,1
SEAT001234,SEC01596,E-7,1
SEAT001235,SEC02304,D-44,0
SEAT001236,SEC03733,B-52,0
SEAT001237,SEC06268,G-7,1
SEAT001238,SEC07422,B-51,1
SEAT001239,SEC07589,J-115,0
SEAT001240,SEC07677,J-99,0
SEAT001241,SEC01469,J-10,1
SEAT001242,SEC08713,D-40,0
SEAT001243,SEC07269,A-45,1
SEAT001244,SEC00207,E-61,1
SEAT001245,SEC00028,J-4,1
SEAT001246,SEC08474,C-13,1
SEAT001247,SEC01864,B-90,0
SEAT001248,SEC08376,C-40,1
SEAT001249,SEC04930,D-3,0
SEAT001250,SEC04843,E-49,0
SEAT001251,SEC08725,K-38,1
SEAT001252,SEC05369,K-53,1
SEAT001253,SEC04921,K-120,1
SEAT001254,SEC00349,B-76,0
SEAT001255,SEC06878,J-93,1
SEAT001256,SEC04043,E-47,1
SEAT001257,SEC01003,E-14,0
SEAT001258,SEC01463,B-26,1
SEAT001259,SEC03514,A-57,0
SEAT001260,SEC06393,B-62,1
SEAT001261,SEC06343,B-50,0
SEAT001262,SEC09116,E-110,0
SEAT001263,SEC05093,J-87,1
SEAT001264,SEC00508,K-67,0
SEAT001265,SEC02073,J-40,1
SEAT001266,SEC08387,B-69,0
SEAT001267,SEC09406,G-78,1
SEAT001268,SEC03709,E-33,0
SEAT001269,SEC00914,F-48,0
SEAT001270,SEC02330,E-64,0
SEAT001271,SEC02804,B-102,1
SEAT001272,SEC09351,G-110,1
SEAT001273,SEC06615,C-4,1
SEAT001274,SEC06688,A-85,0
SEAT001275,SEC09572,E-15,0
SEAT001276,SEC02582,D-9,1
SEAT001277,SEC01025,H-8,0
SEAT001278,SEC06939,J-118,0
SEAT001279,SEC03978,H-18,1
SEAT001280,SEC08939,F-101,1
SEAT001281,SEC05666,J-33,1
SEAT001282,SEC04993,H-6,0
SEAT001283,SEC07481,B-106,1
SEAT001284,SEC06825,F-50,0
SEAT001285,SEC06294,E-13,0
SEAT001286,SEC05170,G-50,0
SEAT001287,SEC07497,B-43,0
SEAT001288,SEC01838,B-106,1
SEAT001289,SEC02300,A-120,0
SEAT001290,SEC00295,B-67,1
SEAT001291,SEC05532,J-99,1
SEAT001292,SEC06017,K-55,0
SEAT001293,SEC09662,C-103,0
SEAT001294,SEC02989,F-93,0
SEAT001295,SEC02249,F-59,0
SEAT001296,SEC01281,F-4,1
SEAT001297,SEC03073,F-112,0
SEAT001298,SEC08774,A-108,0
SEAT001299,SEC01075,J-56,1
SEAT001300,SEC00165,E-27,0
SEAT001301,SEC02377,C-76,0
SEAT001302,SEC08851,F-28,1
SEAT001303,SEC02030,A-9,1
SEAT001304,SEC03589,K-70,1
SEAT001305,SEC00158,K-2,0
SEAT001306,SEC00121,A-32,0
SEAT001307,SEC06888,F-71,0
SEAT001308,SEC09294,A-14,0
SEAT001309,SEC00695,F-56,0
SEAT001310,SEC00007,C-107,0
SEAT001311,SEC07375,J-63,1
SEAT001312,SEC09795,A-79,0
SEAT001313,SEC00923,C-88,0
SEAT001314,SEC09861,K-1,0
SEAT001315,SEC06405,D-51,1
SEAT001316,SEC09747,K-117,1
SEAT001317,SEC08460,D-99,0
SEAT001318,SEC04370,J-97,1
SEAT001319,SEC06233,C-53,0
SEAT001320,SEC01303,G-90,1
SEAT001321,SEC06371,H-86,0
SEAT001322,SEC01090,H-118,0
SEAT001323,SEC05215,C-77,0
SEAT001324,SEC09348,E-120,1
SEAT001325,SEC06304,K-13,0
SEAT001326,SEC04458,J-81,0
SEAT001327,SEC08846,J-94,1
SEAT001328,SEC04339,B-89,1
SEAT001329,SEC04225,F-107,1
SEAT001330,SEC07286,H-5,0
SEAT001331,SEC00626,J-103,0
SEAT001332,SEC05536,F-6,0
SEAT001333,SEC07045,C-34,0
SEAT001334,SEC08754,B-70,0
SEAT001335,SEC07241,J-76,0
SEAT001336,SEC00410,B-29,1
SEAT001337,SEC09454,D-68,0
SEAT001338,SEC01020,H-118,0
SEAT001339,SEC01323,E-113,1
SEAT001340,SEC00360,B-31,0
SEAT001341,SEC08814,E-28,1
SEAT001342,SEC08943,B-120,0
SEAT001343,SEC00273,E-50,1
SEAT001344,SEC05112,H-69,0
SEAT001345,SEC03212,F-108,0
SEAT001346,SEC03031,D-53,1
SEAT001347,SEC07890,D-30,1
SEAT001348,SEC08218,K-2,1
SEAT001349,SEC05011,F-100,0
SEAT001350,SEC05078,G-84,0
SEAT001351,SEC04080,C-107,1
SEAT001352,SEC00689,K-42,0
SEAT001353,SEC09852,G-72,0
SEAT001354,SEC01667,H-59,1
SEAT001355,SEC00938,H-73,1
SEAT001356,SEC09387,K-10,0
SEAT001357,SEC06502,H-54,1
SEAT001358,SEC07625,A-77,0
SEAT001359,SEC01935,B-97,1
SEAT001360,SEC03529,F-52,1
SEAT001361,SEC05219,H-89,0
SEAT001362,SEC02179,B-8,1
SEAT001363,SEC02335,J-4,0
SEAT001364,SEC07433,K-90,0
SEAT001365,SEC06122,A-4,1
SEAT001366,SEC04208,E-36,1
SEAT001367,SEC05643,G-109,0
SEAT001368,SEC03904,A-117,0
SEAT001369,SEC07354,C-64,0
SEAT001370,SEC07108,C-103,1
SEAT001371,SEC00357,C-15,0
SEAT001372,SEC05232,J-73,1
SEAT001373,SEC09198,D-73,1
SEAT001374,SEC05250,D-59,1
SEAT001375,SEC01926,D-83,0
SEAT001376,SEC06430,A-86,0
SEAT001377,SEC03027,A-86,1
SEAT001378,SEC02502,E-67,1
SEAT001379,SEC02307,D-83,0
SEAT001380,SEC07891,F-54,0
SEAT001381,SEC07797,K-119,0
SEAT001382,SEC06159,G-111,0
SEAT001383,SEC03351,C-36,1
SEAT001384,SEC04810,J-37,1
SEAT001385,SEC06858,J-78,1
SEAT001386,SEC07975,H-46,0
SEAT001387,SEC04683,G-102,0
SEAT001388,SEC08678,F-87,0
SEAT001389,SEC08998,F-51,0
SEAT001390,SEC06008,B-100,1
SEAT001391,SEC04539,C-58,1
SEAT001392,SEC04348,G-69,1
SEAT001393,SEC09167,F-12,0
SEAT001394,SEC05667,C-24,0
SEAT001395,SEC03405,F-14,1
SEAT001396,SEC09024,H-62,0
SEAT001397,SEC03941,E-81,1
SEAT001398,SEC04485,E-72,0
SEAT001399,SEC07950,H-39,0
SEAT001400,SEC06678,D-75,0
SEAT001401,SEC01268,A-25,1
SEAT001402,SEC08584,J-57,1
SEAT001403,SEC08148,H-112,0
SEAT001404,SEC00898,G-86,0
SEAT001405,SEC07178,E-94,1
SEAT001406,SEC00151,F-88,1
SEAT001407,SEC05316,H-69,0
SEAT001408,SEC06610,C-19,1
SEAT001409,SEC06640,D-34,0
SEAT001410,SEC05415,B-69,0
SEAT001411,SEC05210,B-45,1
SEAT001412,SEC01408,C-9,0
SEAT001413,SEC01176,D-92,1
SEAT001414,SEC08222,H-80,1
SEAT001415,SEC08711,G-85,0
SEAT001416,SEC05160,B-118,0
SEAT001417,SEC07155,G-104,1
SEAT001418,SEC01680,H-2,0
SEAT001419,SEC09285,D-79,0
SEAT001420,SEC07588,A-14,0
SEAT001421,SEC06056,C-24,0
SEAT001422,SEC05051,B-95,1
SEAT001423,SEC04309,G-116,0
SEAT001424,SEC05487,C-89,0
SEAT001425,SEC07968,J-58,1
SEAT001426,SEC05197,B-49,1
SEAT001427,SEC02287,A-105,1
SEAT001428,SEC02607,H-92,1
SEAT001429,SEC01353,D-84,1
SEAT001430,SEC08200,A-8,1
SEAT001431,SEC01348,E-77,1
SEAT001432,SEC00523,J-33,0
SEAT001433,SEC05162,F-47,0
SEAT001434,SEC07961,D-38,1
SEAT001435,SEC02453,J-24,1
SEAT001436,SEC09936,B-25,1
SEAT001437,SEC01087,J-102,1
SEAT001438,SEC06814,G-75,0
SEAT001439,SEC08480,D-46,1
SEAT001440,SEC08592,E-50,0
SEAT001441,SEC03381,C-74,0
SEAT001442,SEC05172,J-35,0
SEAT001443,SEC06996,C-61,1
SEAT001444,SEC03106,H-7,1
SEAT001445,SEC04251,E-51,0
SEAT001446,SEC05697,K-70,1
SEAT001447,SEC09862,A-49,0
SEAT001448,SEC00461,K-39,0
SEAT001449,SEC08593,D-7,0
SEAT001450,SEC02410,G-38,0
SEAT001451,SEC05433,J-115,0
SEAT001452,SEC02908,E-35,0
SEAT001453,SEC06371,D-11,1
SEAT001454,SEC08683,E-102,1
SEAT001455,SEC00703,K-23,0
SEAT001456,SEC05009,K-32,1
SEAT001457,SEC09649,J-12,1
SEAT001458,SEC02347,C-5,1
SEAT001459,SEC01213,F-84,1
SEAT001460,SEC02269,J-46,1
SEAT001461,SEC03445,G-66,0
SEAT001462,SEC00526,F-38,1
SEAT001463,SEC06353,F-22,1
SEAT001464,SEC08005,A-1,0
SEAT001465,SEC08162,H-48,1
SEAT001466,SEC00884,A-27,1
SEAT001467,SEC02596,G-4,0
SEAT001468,SEC03964,E-98,0
SEAT001469,SEC08348,E-31,1
SEAT001470,SEC06983,H-33,0
SEAT001471,SEC06918,E-82,1
SEAT001472,SEC01272,A-105,1
SEAT001473,SEC02300,D-30,0
SEAT001474,SEC04220,D-58,0
SEAT001475,SEC07883,D-8,0
SEAT001476,SEC08979,F-69,1
SEAT001477,SEC01265,K-55,0
SEAT001478,SEC05592,K-79,0
SEAT001479,SEC08938,C-18,0
SEAT001480,SEC03376,B-117,1
SEAT001481,SEC01310,C-46,0
SEAT001482,SEC08216,J-79,1
SEAT001483,SEC02760,D-3,0
SEAT001484,SEC08904,B-35,1
SEAT001485,SEC02091,F-60,1
SEAT001486,SEC06760,H-116,1
SEAT001487,SEC07492,H-107,1
SEAT001488,SEC04918,E-115,0
SEAT001489,SEC04923,H-42,0
SEAT001490,SEC01138,B-30,1
SEAT001491,SEC06126,G-103,0
SEAT001492,SEC03456,B-87,1
SEAT001493,SEC02139,E-21,0
SEAT001494,SEC04845,F-77,0
SEAT001495,SEC03782,K-36,0
SEAT001496,SEC08657,E-48,1
SEAT001497,SEC01631,A-103,1
SEAT001498,SEC03152,F-72,0
SEAT001499,SEC08249,H-18,0
SEAT001500,SEC03120,C-89,0
SEAT001501,SEC05734,A-108,1
SEAT001502,SEC08043,B-78,1
SEAT001503,SEC06372,E-24,1
SEAT001504,SEC00110,C-31,0
SEAT001505,SEC02661,J-108,1
SEAT001506,SEC08006,D-56,0
SEAT001507,SEC05040,K-64,1
SEAT001508,SEC06206,K-106,0
SEAT001509,SEC09484,K-1,1
SEAT001510,SEC09228,G-85,0
SEAT001511,SEC03615,D-45,0
SEAT001512,SEC02352,D-75,0
SEAT001513,SEC00437,C-10,1
SEAT001514,SEC01979,J-61,1
SEAT001515,SEC00724,A-6,1
SEAT001516,SEC02930,C-8,0
SEAT001517,SEC03864,C-96,1
SEAT001518,SEC00697,J-76,1
SEAT001519,SEC09435,F-50,1
SEAT001520,SEC08670,K-68,1
SEAT001521,SEC04776,G-50,1
SEAT001522,SEC07324,B-107,1
SEAT001523,SEC01510,E-61,1
SEAT001524,SEC04319,H-106,0
SEAT001525,SEC09262,K-93,1
SEAT001526,SEC01996,H-25,1
SEAT001527,SEC06426,G-42,1
SEAT001528,SEC06601,J-68,0
SEAT001529,SEC07571,G-100,1
SEAT001530,SEC02996,H-118,1
SEAT001531,SEC01985,G-3,1
SEAT001532,SEC05708,A-20,0
SEAT001533,SEC05575,A-51,1
SEAT001534,SEC02075,H-101,1
SEAT001535,SEC05726,C-109,0
SEAT001536,SEC01443,G-78,0
SEAT001537,SEC05144,G-115,0
SEAT001538,SEC06252,J-54,0
SEAT001539,SEC07649,G-99,0
SEAT001540,SEC06746,K-110,1
SEAT001541,SEC04556,C-92,0
SEAT001542,SEC00137,A-1,1
SEAT001543,SEC01798,D-98,0
SEAT001544,SEC04311,D-58,0
SEAT001545,SEC08014,B-3,0
SEAT001546,SEC03937,J-104,1
SEAT001547,SEC03121,C-19,0
SEAT001548,SEC08884,D-29,0
SEAT001549,SEC07005,C-83,1
SEAT001550,SEC03426,D-35,0
SEAT001551,SEC00728,B-44,0
SEAT001552,SEC01944,H-64,0
SEAT001553,SEC06047,H-69,0
SEAT001554,SEC07162,B-6,1
SEAT001555,SEC00586,A-114,0
SEAT001556,SEC09806,B-110,1
SEAT001557,SEC08679,G-21,0
SEAT001558,SEC08186,K-97,1
SEAT001559,SEC03527,D-39,1
SEAT001560,SEC04673,A-17,0
SEAT001561,SEC09648,G-118,1
SEAT001562,SEC01413,F-90,0
SEAT001563,SEC05751,J-7,1
SEAT001564,SEC08248,H-48,0
SEAT001565,SEC05546,H-43,1
SEAT001566,SEC03474,B-66,1
SEAT001567,SEC09037,C-25,0
SEAT001568,SEC00889,J-36,0
SEAT001569,SEC04197,G-69,0
SEAT001570,SEC00271,B-86,1
SEAT001571,SEC08875,B-32,0
SEAT001572,SEC04888,B-71,0
SEAT001573,SEC02900,K-29,1
SEAT001574,SEC06602,E-42,0
SEAT001575,SEC00753,B-61,0
SEAT001576,SEC04090,D-108,0
SEAT001577,SEC00623,B-7,0
SEAT001578,SEC05921,D-52,1
SEAT001579,SEC05669,E-102,0
SEAT001580,SEC01359,C-61,1
SEAT001581,SEC01295,A-69,1
SEAT001582,SEC06359,C-83,0
SEAT001583,SEC07666,F-54,1
SEAT001584,SEC07116,A-39,1
SEAT001585,SEC08282,G-79,0
SEAT001586,SEC00176,K-47,0
SEAT001587,SEC06602,B-11,1
SEAT001588,SEC09022,K-17,1
SEAT001589,SEC00286,H-41,0
SEAT001590,SEC04985,D-47,1
SEAT001591,SEC00367,K-64,0
SEAT001592,SEC03658,D-89,0
SEAT001593,SEC03248,B-34,1
SEAT001594,SEC08219,K-53,1
SEAT001595,SEC08455,G-16,0
SEAT001596,SEC05240,G-70,0
SEAT001597,SEC03571,E-116,0
SEAT001598,SEC04504,K-49,0
SEAT001599,SEC02779,C-4,0
SEAT001600,SEC09303,K-86,1
SEAT001601,SEC05544,F-68,1
SEAT001602,SEC00893,A-26,0
SEAT001603,SEC08761,A-85,0
SEAT001604,SEC06034,G-81,1
SEAT001605,SEC04161,E-79,1
SEAT001606,SEC00643,J-67,0
SEAT001607,SEC03810,E-72,1
SEAT001608,SEC01400,K-107,1
SEAT001609,SEC07220,C-120,0
SEAT001610,SEC07250,J-101,1
SEAT001611,SEC04728,A-64,1
SEAT001612,SEC02256,J-11,1
SEAT001613,SEC06327,H-12,0
SEAT001614,SEC07405,B-16,1
SEAT001615,SEC03702,E-6,1
SEAT001616,SEC00873,H-112,1
SEAT001617,SEC07156,B-64,0
SEAT001618,SEC05233,H-97,0
SEAT001619,SEC01729,H-81,1
SEAT001620,SEC08225,E-82,1
SEAT001621,SEC00295,A-4,1
SEAT001622,SEC01479,D-31,1
SEAT001623,SEC02761,B-36,1
SEAT001624,SEC04183,A-11,1
SEAT001625,SEC04051,K-21,1
SEAT001626,SEC05821,J-111,1
SEAT001627,SEC09507,C-60,0
SEAT001628,SEC02413,E-37,1
SEAT001629,SEC07345,G-37,0
SEAT001630,SEC06184,B-67,0
SEAT001631,SEC06985,J-74,1
SEAT001632,SEC06117,J-96,1
SEAT001633,SEC03381,G-43,0
SEAT001634,SEC05072,H-114,1
SEAT001635,SEC09676,B-38,0
SEAT001636,SEC01945,K-24,1
SEAT001637,SEC08371,D-29,1
SEAT001638,SEC06159,F-55,1
SEAT001639,SEC09283,H-69,0
SEAT001640,SEC08904,B-18,0
SEAT001641,SEC06606,G-88,1
SEAT001642,SEC06309,K-109,1
SEAT001643,SEC07497,H-87,1
SEAT001644,SEC08231,G-90,0
SEAT001645,SEC05818,H-118,0
SEAT001646,SEC08832,G-48,0
SEAT001647,SEC07247,F-77,0
SEAT001648,SEC08036,G-62,1
SEAT001649,SEC08307,A-6,0
SEAT001650,SEC05212,A-94,0
SEAT001651,SEC08594,C-25,1
SEAT001652,SEC07782,D-108,1
SEAT001653,SEC09273,D-36,0
SEAT001654,SEC04629,B-119,1
SEAT001655,SEC07111,H-72,0
SEAT001656,SEC05536,H-7,0
SEAT001657,SEC04029,J-116,0
SEAT001658,SEC04285,G-1,0
SEAT001659,SEC02547,B-59,1
SEAT001660,SEC02217,B-32,1
SEAT001661,SEC00050,F-66,0
SEAT001662,SEC09183,K-22,1
SEAT001663,SEC02694,C-76,0
SEAT001664,SEC05467,H-51,1
SEAT001665,SEC00904,J-67,1
SEAT001666,SEC08162,A-57,1
SEAT001667,SEC09851,A-54,1
SEAT001668,SEC03088,B-45,0
SEAT001669,SEC03684,E-38,1
SEAT001670,SEC09224,H-40,0
SEAT001671,SEC00051,J-114,0
SEAT001672,SEC08868,G-63,1
SEAT001673,SEC01832,H-97,1
SEAT001674,SEC04803,K-68,0
SEAT001675,SEC09597,G-31,0
SEAT001676,SEC03311,G-48,1
SEAT001677,SEC04107,B-54,1
SEAT001678,SEC06420,H-23,0
SEAT001679,SEC00178,J-78,0
SEAT001680,SEC02687,J-86,0
SEAT001681,SEC00931,B-114,1
SEAT001682,SEC02338,B-48,0
SEAT001683,SEC06945,H-8,1
SEAT001684,SEC01256,J-60,1
SEAT001685,SEC07615,B-1,0
SEAT001686,SEC05466,K-74,1
SEAT001687,SEC00739,H-104,1
SEAT001688,SEC08450,K-71,1
SEAT001689,SEC02456,C-11,1
SEAT001690,SEC01715,J-75,0
SEAT001691,SEC00531,F-5,1
SEAT001692,SEC05120,G-14,1
SEAT001693,SEC07761,D-38,1
SEAT001694,SEC07905,E-117,1
SEAT001695,SEC04569,G-107,0
SEAT001696,SEC05968,E-42,1
SEAT001697,SEC03004,D-111,1
SEAT001698,SEC05575,F-76,1
SEAT001699,SEC06800,E-96,1
SEAT001700,SEC05718,G-52,1
SEAT001701,SEC00386,D-49,1
SEAT001702,SEC03813,J-53,0
SEAT001703,SEC08339,G-43,1
SEAT001704,SEC00894,H-120,0
SEAT001705,SEC04292,D-42,1
SEAT001706,SEC05195,A-9,1
SEAT001707,SEC06771,F-30,0
SEAT001708,SEC04255,H-3,0
SEAT001709,SEC07130,K-55,0
SEAT001710,SEC07954,J-81,1
SEAT001711,SEC03408,E-9,0
SEAT001712,SEC05607,C-36,0
SEAT001713,SEC08972,G-36,1
SEAT001714,SEC05184,D-45,1
SEAT001715,SEC09352,A-86,0
SEAT001716,SEC03217,F-95,1
SEAT001717,SEC08532,E-6,0
SEAT001718,SEC03419,K-20,0
SEAT001719,SEC06620,F-13,1
SEAT001720,SEC02373,H-11,1
SEAT001721,SEC00566,E-80,1
SEAT001722,SEC02834,G-99,0
SEAT001723,SEC03859,J-34,0
SEAT001724,SEC00424,K-72,1
SEAT001725,SEC09435,C-83,1
SEAT001726,SEC05938,A-120,1
SEAT001727,SEC06279,D-31,1
SEAT001728,SEC03996,G-17,0
SEAT001729,SEC09545,D-18,0
SEAT001730,SEC05920,H-96,1
SEAT001731,SEC01821,K-22,0
SEAT001732,SEC09403,B-18,1
SEAT001733,SEC00043,A-55,1
SEAT001734,SEC03916,J-15,1
SEAT001735,SEC02785,E-47,1
SEAT001736,SEC06791,H-74,1
SEAT001737,SEC08087,H-52,1
SEAT001738,SEC09390,G-2,0
SEAT001739,SEC01399,B-61,1
SEAT001740,SEC02447,D-30,0
SEAT001741,SEC09257,B-32,1
SEAT001742,SEC05921,D-11,0
SEAT001743,SEC04051,F-56,1
SEAT001744,SEC08904,H-93,1
SEAT001745,SEC05098,F-90,1
SEAT001746,SEC04468,A-74,0
SEAT001747,SEC01697,E-102,0
SEAT001748,SEC08134,B-97,0
SEAT001749,SEC09022,C-69,1
SEAT001750,SEC01271,J-84,1
SEAT001751,SEC04756,E-50,1
SEAT001752,SEC01586,G-25,0
SEAT001753,SEC02133,K-63,1
SEAT001754,SEC03473,J-56,0
SEAT001755,SEC07196,D-19,1
SEAT001756,SEC03567,C-18,0
SEAT001757,SEC02601,G-26,0
SEAT001758,SEC09113,D-51,1
SEAT001759,SEC02598,F-33,1
SEAT001760,SEC04811,F-18,0
SEAT001761,SEC08872,E-62,0
SEAT001762,SEC00122,E-34,0
SEAT001763,SEC04638,B-57,0
SEAT001764,SEC05115,D-35,0
SEAT001765,SEC01278,A-45,0
SEAT001766,SEC09605,E-86,1
SEAT001767,SEC06336,F-24,0
SEAT001768,SEC03555,C-75,1
SEAT001769,SEC02101,E-39,0
SEAT001770,SEC08809,D-36,0
SEAT001771,SEC01945,K-76,0
SEAT001772,SEC05231,A-97,0
SEAT001773,SEC07911,F-119,0
SEAT001774,SEC08096,C-92,1
SEAT001775,SEC05280,H-4,0
SEAT001776,SEC06939,C-45,1
SEAT001777,SEC01697,G-23,1
SEAT001778,SEC00431,E-25,0
SEAT001779,SEC07268,B-34,0
SEAT001780,SEC08978,H-22,0
SEAT001781,SEC08487,E-75,1
SEAT001782,SEC07040,B-45,1
SEAT001783,SEC08501,D-1,0
SEAT001784,SEC06963,J-18,1
SEAT001785,SEC09170,A-66,1
SEAT001786,SEC00350,H-83,1
SEAT001787,SEC09732,J-66,1
SEAT001788,SEC02803,A-75,1
SEAT001789,SEC05840,C-81,1
SEAT001790,SEC00065,K-36,1
SEAT001791,SEC03204,F-87,0
SEAT001792,SEC08047,K-11,1
SEAT001793,SEC00814,C-63,1
SEAT001794,SEC09626,K-2,1
SEAT001795,SEC05164,B-3,1
SEAT001796,SEC02750,C-62,1
SEAT001797,SEC05917,H-74,1
SEAT001798,SEC05456,K-89,0
SEAT001799,SEC03469,C-56,1
SEAT001800,SEC03802,C-108,1
SEAT001801,SEC04910,A-71,1
SEAT001802,SEC07665,H-83,1
SEAT001803,SEC00206,D-62,1
SEAT001804,SEC08040,B-101,0
SEAT001805,SEC00807,G-70,0
SEAT001806,SEC02432,E-49,1
SEAT001807,SEC08295,J-115,0
SEAT001808,SEC09436,C-87,1
SEAT001809,SEC08870,F-15,0
SEAT001810,SEC01381,C-18,0
SEAT001811,SEC06279,A-3,0
SEAT001812,SEC04748,K-36,1
SEAT001813,SEC01685,H-15,0
SEAT001814,SEC09548,A-31,0
SEAT001815,SEC04845,J-93,0
SEAT001816,SEC04065,H-17,0
SEAT001817,SEC00351,B-19,0
SEAT001818,SEC09867,K-55,0
SEAT001819,SEC08539,D-35,1
SEAT001820,SEC02217,K-120,0
SEAT001821,SEC08864,G-81,0
SEAT001822,SEC01220,F-40,1
SEAT001823,SEC09290,F-87,0
SEAT001824,SEC07945,B-101,0
SEAT001825,SEC07198,H-7,1
SEAT001826,SEC07664,B-77,1
SEAT001827,SEC00772,D-47,1
SEAT001828,SEC03588,G-105,1
SEAT001829,SEC05724,K-20,1
SEAT001830,SEC07704,C-26,0
SEAT001831,SEC00181,F-97,1
SEAT001832,SEC06109,F-69,0
SEAT001833,SEC06889,D-105,1
SEAT001834,SEC04458,D-70,0
SEAT001835,SEC00926,G-15,1
SEAT001836,SEC05618,E-19,1
SEAT001837,SEC01842,J-98,0
SEAT001838,SEC04208,K-91,1
SEAT001839,SEC02424,G-42,0
SEAT001840,SEC01927,H-27,1
SEAT001841,SEC06454,G-55,0
SEAT001842,SEC08991,B-36,1
SEAT001843,SEC01445,D-101,0
SEAT001844,SEC04324,A-98,1
SEAT001845,SEC01522,K-70,1
SEAT001846,SEC01919,B-1,0
SEAT001847,SEC04064,J-22,1
SEAT001848,SEC04485,E-31,1
SEAT001849,SEC06299,F-99,0
SEAT001850,SEC09316,F-11,1
SEAT001851,SEC09491,H-65,0
SEAT001852,SEC05337,B-58,1
SEAT001853,SEC05675,E-112,1
SEAT001854,SEC06566,K-72,1
SEAT001855,SEC03499,E-47,0
SEAT001856,SEC08747,K-27,1
SEAT001857,SEC04647,K-35,1
SEAT001858,SEC08594,A-78,1
SEAT001859,SEC00549,A-54,0
SEAT001860,SEC06566,K-70,1
SEAT001861,SEC09878,J-90,1
SEAT001862,SEC03084,D-11,0
SEAT001863,SEC07711,K-98,1
SEAT001864,SEC06380,G-37,1
SEAT001865,SEC03894,A-58,0
SEAT001866,SEC00048,F-73,1
SEAT001867,SEC07056,E-3,1
SEAT001868,SEC00987,G-58,1
SEAT001869,SEC00941,K-14,0
SEAT001870,SEC06158,F-13,1
SEAT001871,SEC05342,K-21,1
SEAT001872,SEC08853,G-43,1
SEAT001873,SEC08173,E-75,0
SEAT001874,SEC05798,F-92,1
SEAT001875,SEC09732,D-11,0
SEAT001876,SEC07121,G-94,0
SEAT001877,SEC04196,K-32,0
SEAT001878,SEC07574,J-14,1
SEAT001879,SEC06723,J-71,1
SEAT001880,SEC00119,H-81,0
SEAT001881,SEC03905,C-8,1
SEAT001882,SEC09802,H-6,1
SEAT001883,SEC00375,H-81,1
SEAT001884,SEC07607,G-17,1
SEAT001885,SEC02832,F-43,1
SEAT001886,SEC01391,K-84,1
SEAT001887,SEC02711,H-60,0
SEAT001888,SEC01614,F-109,1
SEAT001889,SEC08938,A-58,0
SEAT001890,SEC05097,C-34,0
SEAT001891,SEC07673,G-101,1
SEAT001892,SEC01002,E-112,1
SEAT001893,SEC05656,K-57,0
SEAT001894,SEC05171,H-12,1
SEAT001895,SEC05548,E-39,0
SEAT001896,SEC08931,E-103,0
SEAT001897,SEC09310,F-12,0
SEAT001898,SEC01045,E-74,1
SEAT001899,SEC01094,E-4,1
SEAT001900,SEC05485,E-120,0
SEAT001901,SEC05100,K-55,1
SEAT001902,SEC06130,C-107,1
SEAT001903,SEC06898,F-32,0
SEAT001904,SEC03557,K-114,1
SEAT001905,SEC07496,G-50,0
SEAT001906,SEC07964,F-90,1
SEAT001907,SEC04207,E-24,1
SEAT001908,SEC03943,B-108,0
SEAT001909,SEC07878,K-76,0
SEAT001910,SEC00149,G-118,0
SEAT001911,SEC09133,B-14,1
SEAT001912,SEC04546,F-97,1
SEAT001913,SEC07747,H-71,1
SEAT001914,SEC07137,D-42,1
SEAT001915,SEC06907,J-7,1
SEAT001916,SEC09320,C-19,0
SEAT001917,SEC01963,G-54,1
SEAT001918,SEC03381,K-83,1
SEAT001919,SEC05868,C-116,0
SEAT001920,SEC00021,B-60,0
SEAT001921,SEC02841,G-44,0
SEAT001922,SEC08273,B-108,1
SEAT001923,SEC02084,G-13,1
SEAT001924,SEC05497,E-18,0
SEAT001925,SEC00090,B-86,1
SEAT001926,SEC03504,D-83,1
SEAT001927,SEC00942,A-22,0
SEAT001928,SEC03650,A-36,0
SEAT001929,SEC07718,E-3,0
SEAT001930,SEC01539,J-119,0
SEAT001931,SEC03606,D-15,1
SEAT001932,SEC05573,G-38,1
SEAT001933,SEC05305,G-23,0
SEAT001934,SEC05563,D-88,1
SEAT001935,SEC08341,E-70,1
SEAT001936,SEC03896,G-37,1
SEAT001937,SEC01815,F-20,0
SEAT001938,SEC04152,F-67,0
SEAT001939,SEC01035,G-50,1
SEAT001940,SEC03429,A-27,1
SEAT001941,SEC02638,B-56,1
SEAT001942,SEC07641,A-13,1
SEAT001943,SEC01372,F-44,0
SEAT001944,SEC04307,B-115,1
SEAT001945,SEC06025,B-23,1
SEAT001946,SEC08925,J-25,1
SEAT001947,SEC04758,A-110,1
SEAT001948,SEC07687,K-92,1
SEAT001949,SEC09714,E-35,0
SEAT001950,SEC05992,H-115,0
SEAT001951,SEC06361,K-97,0
SEAT001952,SEC02467,F-26,0
SEAT001953,SEC07395,B-14,0
SEAT001954,SEC02013,C-6,1
SEAT001955,SEC04999,F-89,0
SEAT001956,SEC04398,B-81,0
SEAT001957,SEC05584,G-45,1
SEAT001958,SEC03411,A-7,1
SEAT001959,SEC03030,E-23,1
SEAT001960,SEC03785,H-12,0
SEAT001961,SEC06309,E-30,1
SEAT001962,SEC03156,F-118,1
SEAT001963,SEC09820,K-80,0
SEAT001964,SEC02619,B-9,1
SEAT001965,SEC05190,C-79,1
SEAT001966,SEC07241,A-108,1
SEAT001967,SEC00911,G-104,0
SEAT001968,SEC07029,E-17,1
SEAT001969,SEC01911,B-64,1
SEAT001970,SEC01232,A-10,1
SEAT001971,SEC01880,A-88,0
SEAT001972,SEC06429,A-7,0
SEAT001973,SEC03047,A-40,0
SEAT001974,SEC06342,G-69,0
SEAT001975,SEC05676,B-3,1
SEAT001977,SEC07737,C-18,0
SEAT001978,SEC08673,D-106,1
SEAT001979,SEC09838,A-22,0
SEAT001980,SEC03514,C-40,0
SEAT001981,SEC08664,J-70,1
SEAT001982,SEC08057,G-77,0
SEAT001983,SEC05848,H-61,0
SEAT001984,SEC05153,E-28,0
SEAT001985,SEC09767,C-71,1
SEAT001986,SEC04200,G-31,1
SEAT001987,SEC02723,E-44,1
SEAT001988,SEC04247,H-34,1
SEAT001989,SEC01249,G-5,0
SEAT001990,SEC07627,J-88,1
SEAT001991,SEC09143,C-19,1
SEAT001992,SEC03498,E-87,0
SEAT001993,SEC09388,E-36,0
SEAT001994,SEC04950,J-39,0
SEAT001995,SEC06473,K-102,0
SEAT001996,SEC04936,F-11,0
SEAT001997,SEC02902,B-81,0
SEAT001998,SEC07594,C-80,1
SEAT001999,SEC04207,C-49,1

